id;title;keywords;description;rating;dateAdded;dateModified;wishListId
3090a85f-db9c-465e-bc55-cb21cecea3b7;withdrawal THX Division;Metal;models partnerships Infrastructure;91058;2023-03-02;2023-03-02;1e29f6d0-c9f6-45e2-ab0b-c7fc94bb1649
48a47309-b825-4872-8b00-231c219bf634;Practical mobile Vermont;Sports COM Implementation;Cape;27546;2023-03-02;2023-03-03;b73f302f-7e4e-416b-9d10-95bfff626e2a
7a72ad2f-2322-47e7-8134-eb9049cda2c5;multi-byte Underpass project;Computer Arizona mobile;AGP lavender;71562;2023-03-02;2023-03-03;219fb2ce-0174-4f39-a361-4001585c3705
3675d0e9-6901-44e4-91f0-1a2468fc20e5;Operations Chicken;Usability multi-byte;Kids IB;52857;2023-03-02;2023-03-03;a9341e96-1b76-4607-8b1b-9818b2af26e0
f1243a14-e5cd-416e-b048-ebc7c9917f68;Product;Administrator CFA;Colombian B2C;99734;2023-03-02;2023-03-03;2b3ac2e8-9485-492f-94c4-a7cc9a6a4cc9
774b3faf-c689-45a2-bd52-cdca3542e450;Loan;Small Congo Engineer;Account portals Berkshire;36836;2023-03-03;2023-03-03;d321c605-c331-4dc6-a609-b64b970d3f11
a23798b9-9aff-4471-8f40-32250fc18c2f;Salad;Future;Venezuela JBOD;3769;2023-03-03;2023-03-03;cb727703-d6e0-44fb-ad52-a3d08bb7baa2
5fa46fd5-887f-4be4-a6dd-f93f2ca858de;blue;Massachusetts Programmable;Washington;12026;2023-03-03;2023-03-02;883c1c89-a916-4bba-b42a-bd40a22b471d
49c120e4-d9af-4887-bf71-e984509b0e9c;aggregate indexing;Computer PCI;Visionary Baby teal;23964;2023-03-02;2023-03-03;98f26144-3119-41ca-9cfd-b8fe68ded6ec
611d844d-d7aa-4a86-982b-2613c38b14ab;neural back-end Infrastructure;copying Dakota Sterling;benchmark 1080p quantifying;2488;2023-03-03;2023-03-02;d8f2e1b4-198c-4a6d-a83b-ac6f7568f2db
